{"cameraMode":{"drawMode":0,"name":"Shaded","section":"Shading Mode"},"sceneLighting":true,"audioPlay":false,"sceneViewState":{"m_AlwaysRefresh":true,"showFog":false,"showSkybox":true,"showFlares":true,"showImageEffects":true,"showParticleSystems":true,"showVisualEffectGraphs":true,"m_FxEnabled":true},"in2DMode":false,"pivot":{"x":-2.8886470794677736,"y":4.770728588104248,"z":-3.3022680282592775},"rotation":{"x":0.013911165297031403,"y":0.8723901510238648,"z":0.02486986108124256,"w":-0.48797905445098879},"size":7.174956798553467,"orthographic":false}