{"cameraMode":{"drawMode":0,"name":"Shaded","section":"Shading Mode"},"sceneLighting":true,"audioPlay":false,"sceneViewState":{"m_AlwaysRefresh":true,"showFog":false,"showSkybox":true,"showFlares":true,"showImageEffects":true,"showParticleSystems":true,"showVisualEffectGraphs":true,"m_FxEnabled":true},"in2DMode":false,"pivot":{"x":-8.789140701293946,"y":-8.339984893798829,"z":19.54776382446289},"rotation":{"x":0.20988713204860688,"y":-0.01906438358128071,"z":0.004093204624950886,"w":0.9775328040122986},"size":40.235374450683597,"orthographic":false}