{"cameraMode":{"drawMode":0,"name":"Shaded","section":"Shading Mode"},"sceneLighting":true,"audioPlay":false,"sceneViewState":{"m_AlwaysRefresh":true,"showFog":false,"showSkybox":true,"showFlares":true,"showImageEffects":true,"showParticleSystems":true,"showVisualEffectGraphs":true,"m_FxEnabled":true},"in2DMode":false,"pivot":{"x":-16.90887451171875,"y":-5.7169036865234379,"z":70.57208251953125},"rotation":{"x":0.17730724811553956,"y":0.6041513085365295,"z":-0.14018405973911286,"w":0.7641411423683167},"size":51.127838134765628,"orthographic":true}