{"cameraMode":{"drawMode":0,"name":"Shaded","section":"Shading Mode"},"sceneLighting":true,"audioPlay":false,"sceneViewState":{"m_AlwaysRefresh":true,"showFog":false,"showSkybox":true,"showFlares":true,"showImageEffects":true,"showParticleSystems":true,"showVisualEffectGraphs":true,"m_FxEnabled":true},"in2DMode":false,"pivot":{"x":459.6422119140625,"y":278.2547302246094,"z":10.27532958984375},"rotation":{"x":-0.005999591667205095,"y":0.010499575175344944,"z":0.00006282833783188835,"w":0.9999287724494934},"size":362.5772705078125,"orthographic":false}