{"cameraMode":{"drawMode":0,"name":"Shaded","section":"Shading Mode"},"sceneLighting":true,"audioPlay":false,"sceneViewState":{"m_AlwaysRefresh":true,"showFog":false,"showSkybox":true,"showFlares":true,"showImageEffects":true,"showParticleSystems":true,"showVisualEffectGraphs":true,"m_FxEnabled":true},"in2DMode":false,"pivot":{"x":1.4800000190734864,"y":0.039999961853027347,"z":9.279999732971192},"rotation":{"x":0.46640944480895998,"y":0.02255214937031269,"z":-0.011895940639078617,"w":0.8842025399208069},"size":17.15939712524414,"orthographic":false}