{"cameraMode":{"drawMode":0,"name":"Shaded","section":"Shading Mode"},"sceneLighting":true,"audioPlay":false,"sceneViewState":{"m_AlwaysRefresh":true,"showFog":false,"showSkybox":true,"showFlares":true,"showImageEffects":true,"showParticleSystems":true,"showVisualEffectGraphs":true,"m_FxEnabled":true},"in2DMode":false,"pivot":{"x":21.207984924316408,"y":18.847984313964845,"z":22.38134002685547},"rotation":{"x":0.009897123090922833,"y":-0.014998731203377247,"z":0.00014820732758380473,"w":0.9998399019241333},"size":82.69242095947266,"orthographic":true}