{"cameraMode":{"drawMode":0,"name":"Shaded","section":"Shading Mode"},"sceneLighting":false,"audioPlay":false,"sceneViewState":{"m_AlwaysRefresh":true,"showFog":false,"showSkybox":false,"showFlares":true,"showImageEffects":true,"showParticleSystems":true,"showVisualEffectGraphs":true,"m_FxEnabled":true},"in2DMode":false,"pivot":{"x":-3.957784652709961,"y":1.0103981494903565,"z":250.0011444091797},"rotation":{"x":0.14981959760189057,"y":-0.11922237277030945,"z":0.018201645463705064,"w":0.9813304543495178},"size":3.5785937309265138,"orthographic":true}