{"cameraMode":{"drawMode":0,"name":"Shaded","section":"Shading Mode"},"sceneLighting":false,"audioPlay":false,"sceneViewState":{"m_AlwaysRefresh":true,"showFog":false,"showSkybox":false,"showFlares":true,"showImageEffects":true,"showParticleSystems":true,"showVisualEffectGraphs":true,"m_FxEnabled":true},"in2DMode":false,"pivot":{"x":0.04221534729003906,"y":0.010398149490356446,"z":20.001140594482423},"rotation":{"x":0.14981959760189057,"y":-0.11922237277030945,"z":0.018201645463705064,"w":0.9813304543495178},"size":3.5379996299743654,"orthographic":true}