{"cameraMode":{"drawMode":0,"name":"Shaded","section":"Shading Mode"},"sceneLighting":true,"audioPlay":false,"sceneViewState":{"m_AlwaysRefresh":true,"showFog":false,"showSkybox":false,"showFlares":true,"showImageEffects":true,"showParticleSystems":true,"showVisualEffectGraphs":true,"m_FxEnabled":true},"in2DMode":false,"pivot":{"x":17.492643356323243,"y":-11.606338500976563,"z":30.182777404785158},"rotation":{"x":0.46640944480895998,"y":0.02255214937031269,"z":-0.011895940639078617,"w":0.8842025399208069},"size":12.124356269836426,"orthographic":false}